Suku Cadang,Bulan,Total Penjualan,Kategori Produk
Aki Kering GS 12V 35Ah (AC-GS01L / 36B20L),2024-06-01,1.0,Lain-Lain
Aki Kering GS 12V 35Ah (AC-GS01L / 36B20L),2024-07-01,1.0,Lain-Lain
Aki Kering GS 12V 35Ah (AC-GS01L / 36B20L),2024-08-01,1.0,Lain-Lain
Aki Kering GS 12V 35Ah (AC-GS01L / 36B20L),2024-09-01,1.0,Lain-Lain
Aki Kering GS 12V 35Ah (AC-GS01L / 36B20L),2024-10-01,1.0,Lain-Lain
Aki Kering GS 12V 35Ah (AC-GS01R / 36B20R),2024-03-01,1.0,Lain-Lain
Aki Kering GS 12V 35Ah (AC-GS01R / 36B20R),2024-04-01,1.0,Lain-Lain
Aki Kering GS 12V 35Ah (AC-GS01R / 36B20R),2024-05-01,1.0,Lain-Lain
Aki Kering GS 12V 35Ah (AC-GS01R / 36B20R),2024-06-01,1.0,Lain-Lain
Aki Kering GS 12V 35Ah (AC-GS01R / 36B20R),2024-07-01,1.0,Lain-Lain
Aki Kering GS 12V 35Ah (AC-GS01R / 36B20R),2024-08-01,1.0,Lain-Lain
BP-0003AP Kampas Rem Depan TYT Toyota / Daihatsu (11-AFTDW02-1-16),2024-10-01,1.93,Komponen Rem dan Suspensi
BP-0004AP Kampas Rem Depan Aspira Toyota / Daihatsu Manual (T0-04465-AGM-1700),2024-10-01,1.0,Komponen Rem dan Suspensi
BP-0005AP Kampas Rem Depan Aspira Toyota / Daihatsu Matic (T0-04465-AGA-1700),2024-10-01,1.93,Komponen Rem dan Suspensi
BP-0006MK Kampas Rem Depan MK Kashiyama Toyota (D2253-01 ),2024-05-01,1.0,Komponen Rem dan Suspensi
BP-0006MK Kampas Rem Depan MK Kashiyama Toyota (D2253-01 ),2024-06-01,1.0,Komponen Rem dan Suspensi
BP-0006MK Kampas Rem Depan MK Kashiyama Toyota (D2253-01 ),2024-07-01,1.0,Komponen Rem dan Suspensi
BP-0006MK Kampas Rem Depan MK Kashiyama Toyota (D2253-01 ),2024-08-01,1.0,Komponen Rem dan Suspensi
BP-0006MK Kampas Rem Depan MK Kashiyama Toyota (D2253-01 ),2024-09-01,1.0,Komponen Rem dan Suspensi
BP-0006MK Kampas Rem Depan MK Kashiyama Toyota (D2253-01 ),2024-10-01,1.0,Komponen Rem dan Suspensi
BP-0008AP1 Kampas Rem Depan Aspira Toyota (11-AFTDW02-1-12),2024-10-01,1.0,Komponen Rem dan Suspensi
BP-0013AP Kampas Rem Depan Aspira Honda (11-AFTDW08-1-02),2024-10-01,1.29,Komponen Rem dan Suspensi
BP-0020AK Kampas Rem Depan Akebono Nissan (AN-761WKI),2024-08-01,1.0,Komponen Rem dan Suspensi
BP-0020AK Kampas Rem Depan Akebono Nissan (AN-761WKI),2024-09-01,1.0,Komponen Rem dan Suspensi
BP-0020AK Kampas Rem Depan Akebono Nissan (AN-761WKI),2024-10-01,1.0,Komponen Rem dan Suspensi
BP-0021AP Kampas Rem Depan Aspira Nissan (11-AFTDW09-1-08),2024-10-01,1.0,Komponen Rem dan Suspensi
BS-0007D Busi Denso Toyota / Daihatsu (W16EX-U),2024-10-01,2.0,Komponen Mesin dan Pengapian
BS-0012N Busi NGK Honda (BKR6E-11),2024-10-01,8.52,Komponen Mesin dan Pengapian
BS-0021N Busi NGK Datsun (LZKAR6C-11),2024-10-01,1.29,Komponen Mesin dan Pengapian
BS-IR0003Y Busi Iridium YTR Toyota Daihatsu (RXU7EUI),2024-04-01,1.0,Komponen Mesin dan Pengapian
BS-IR0003Y Busi Iridium YTR Toyota Daihatsu (RXU7EUI),2024-05-01,1.0,Komponen Mesin dan Pengapian
BS-IR0003Y Busi Iridium YTR Toyota Daihatsu (RXU7EUI),2024-06-01,1.0,Komponen Mesin dan Pengapian
BS-IR0003Y Busi Iridium YTR Toyota Daihatsu (RXU7EUI),2024-07-01,1.0,Komponen Mesin dan Pengapian
BS-IR0003Y Busi Iridium YTR Toyota Daihatsu (RXU7EUI),2024-08-01,1.0,Komponen Mesin dan Pengapian
BS-IR0003Y Busi Iridium YTR Toyota Daihatsu (RXU7EUI),2024-09-01,1.0,Komponen Mesin dan Pengapian
BS-IR0050M Busi IR MTS Mitsubishi (1822A086),2024-08-01,1.0,Komponen Mesin dan Pengapian
BS-IR0050M Busi IR MTS Mitsubishi (1822A086),2024-09-01,1.0,Komponen Mesin dan Pengapian
BS-IR0050M Busi IR MTS Mitsubishi (1822A086),2024-10-01,1.0,Komponen Mesin dan Pengapian
BS-PT0010N Busi PT NGK Honda (ZFR6FGP),2024-10-01,2.32,Komponen Mesin dan Pengapian
BSR-0001MK Kampas Rem Belakang MK Kashiyama  (K2439),2024-09-01,1.29,Komponen Rem dan Suspensi
BSR-0001MK Kampas Rem Belakang MK Kashiyama  (K2439),2024-10-01,1.29,Komponen Rem dan Suspensi
BSR-0002MK Kampas Rem Belakang DHT Toyota / Daihatsu (K2436),2024-10-01,1.0,Komponen Rem dan Suspensi
BSR-00031MK Kampas Rem Belakang MK Kashiyama (K9003),2024-08-01,1.0,Komponen Rem dan Suspensi
BSR-00031MK Kampas Rem Belakang MK Kashiyama (K9003),2024-09-01,1.0,Komponen Rem dan Suspensi
BSR-00031MK Kampas Rem Belakang MK Kashiyama (K9003),2024-10-01,1.0,Komponen Rem dan Suspensi
BSR-0003AP Kampas Rem Belakang Aspira Toyota / Daihatsu (11-AFTDW04-2-11),2024-10-01,2.0,Komponen Rem dan Suspensi
BSR-0003MK Kampas Rem Belakang MK Toyota / Daihatsu (K2367),2024-07-01,3.04,Komponen Rem dan Suspensi
BSR-0003MK Kampas Rem Belakang MK Toyota / Daihatsu (K2367),2024-08-01,3.04,Komponen Rem dan Suspensi
BSR-0003MK Kampas Rem Belakang MK Toyota / Daihatsu (K2367),2024-09-01,3.04,Komponen Rem dan Suspensi
BSR-0003MK Kampas Rem Belakang MK Toyota / Daihatsu (K2367),2024-10-01,3.04,Komponen Rem dan Suspensi
BSR-0005T Kampas Rem Belakang  TYT (04495-0K140),2024-08-01,1.0,Komponen Rem dan Suspensi
BSR-0005T Kampas Rem Belakang  TYT (04495-0K140),2024-09-01,1.0,Komponen Rem dan Suspensi
BSR-0005T Kampas Rem Belakang  TYT (04495-0K140),2024-10-01,1.0,Komponen Rem dan Suspensi
BSR-0006MK Kampas Rem Belakang MK Kashiyama TYT (K2411R),2024-10-01,1.0,Komponen Rem dan Suspensi
BSR-0007MK Kampas Rem Belakang TYT DHT Nissan (K1264),2024-10-01,1.71,Komponen Rem dan Suspensi
BSR-0008D Kampas Rem Belakang Daihatsu (04495-BZ100-008),2024-04-01,1.0,Komponen Rem dan Suspensi
BSR-0008D Kampas Rem Belakang Daihatsu (04495-BZ100-008),2024-05-01,1.0,Komponen Rem dan Suspensi
BSR-0008D Kampas Rem Belakang Daihatsu (04495-BZ100-008),2024-06-01,1.0,Komponen Rem dan Suspensi
BSR-0008D Kampas Rem Belakang Daihatsu (04495-BZ100-008),2024-07-01,1.0,Komponen Rem dan Suspensi
BSR-0008D Kampas Rem Belakang Daihatsu (04495-BZ100-008),2024-08-01,1.0,Komponen Rem dan Suspensi
BSR-0008D Kampas Rem Belakang Daihatsu (04495-BZ100-008),2024-09-01,1.0,Komponen Rem dan Suspensi
Baterai Remot CR1620 (BR-1620),2024-10-01,2.0,Lain-Lain
Baterai Remot CR2032 (BR-2032),2024-09-01,1.0,Lain-Lain
Baterai Remot CR2032 (BR-2032),2024-10-01,1.0,Lain-Lain
Baut Tap Oli TYT DHT (BTO),2024-10-01,1.0,Lain-Lain
Bohlam H11 12V 55W Dante (B-11H11D / PGJ19-2),2024-10-01,1.0,Lain-Lain
Bohlam H16 12V 19W Dante (B-16H16D / PG20-3),2024-10-01,2.29,Lain-Lain
Bohlam H4 100W Philips (B-100H4P / 12569RAC1),2024-07-01,1.0,Lain-Lain
Bohlam H4 100W Philips (B-100H4P / 12569RAC1),2024-08-01,1.0,Lain-Lain
Bohlam H4 100W Philips (B-100H4P / 12569RAC1),2024-09-01,1.0,Lain-Lain
Bohlam H4 100W Philips (B-100H4P / 12569RAC1),2024-10-01,1.0,Lain-Lain
Bohlam Rem 12V 5W Kaki 1 Indoparts (B-RIP1 / 1525-122100),2024-10-01,1.0,Lain-Lain
Bohlam Rem Tancep 12V 5W Indoparts (B-RT / 1525-122105),2024-10-01,2.07,Lain-Lain
Bohlam Sein S25 12V 25W Autovision (B-SA / AS5SMCNC),2024-08-01,1.0,Lain-Lain
Bohlam Sein S25 12V 25W Autovision (B-SA / AS5SMCNC),2024-09-01,1.0,Lain-Lain
Bohlam Sein S25 12V 25W Autovision (B-SA / AS5SMCNC),2024-10-01,1.0,Lain-Lain
CI-0001T Coil Ignition TYT Toyota / Daihatsu (19070-BZ040 ),2024-09-01,1.76,Komponen Mesin dan Pengapian
CI-0001T Coil Ignition TYT Toyota / Daihatsu (19070-BZ040 ),2024-10-01,1.76,Komponen Mesin dan Pengapian
CI-0010H Coil Ignition Honda (30520-PWC-003 ),2024-10-01,1.0,Komponen Mesin dan Pengapian
CK-0001B Caliper Kit Set Birkens Toyota / Daihatsu (B-TCK-011),2024-06-01,1.0,Lain-Lain
CK-0001B Caliper Kit Set Birkens Toyota / Daihatsu (B-TCK-011),2024-07-01,1.0,Lain-Lain
CK-0001B Caliper Kit Set Birkens Toyota / Daihatsu (B-TCK-011),2024-08-01,1.0,Lain-Lain
CK-0001B Caliper Kit Set Birkens Toyota / Daihatsu (B-TCK-011),2024-09-01,1.0,Lain-Lain
CK-0001B Caliper Kit Set Birkens Toyota / Daihatsu (B-TCK-011),2024-10-01,1.0,Lain-Lain
CK-0002B Caliper Kit Set Birkens Toyota / Daihatsu (B-TCK-002),2024-10-01,1.66,Lain-Lain
Carbon Cleaner GST 300 ml (CC-GST),2024-05-01,102.64,Pelumas dan Cairan
Carbon Cleaner GST 300 ml (CC-GST),2024-06-01,102.64,Pelumas dan Cairan
Carbon Cleaner GST 300 ml (CC-GST),2024-07-01,102.64,Pelumas dan Cairan
Carbon Cleaner GST 300 ml (CC-GST),2024-08-01,102.64,Pelumas dan Cairan
Carbon Cleaner GST 300 ml (CC-GST),2024-09-01,102.64,Pelumas dan Cairan
Carbon Cleaner GST 300 ml (CC-GST),2024-10-01,102.64,Pelumas dan Cairan
Carbon Cleaner JM 300 ml (CC-JM),2024-04-01,110.86,Pelumas dan Cairan
Carbon Cleaner JM 300 ml (CC-JM),2024-05-01,110.86,Pelumas dan Cairan
Carbon Cleaner JM 300 ml (CC-JM),2024-06-01,110.86,Pelumas dan Cairan
Carbon Cleaner JM 300 ml (CC-JM),2024-07-01,110.86,Pelumas dan Cairan
Carbon Cleaner JM 300 ml (CC-JM),2024-08-01,110.86,Pelumas dan Cairan
Carbon Cleaner JM 300 ml (CC-JM),2024-09-01,110.86,Pelumas dan Cairan
Carbu Cleaner JM 500 ml (CU-JM),2024-05-01,139.74,Lain-Lain
Carbu Cleaner JM 500 ml (CU-JM),2024-06-01,139.74,Lain-Lain
Carbu Cleaner JM 500 ml (CU-JM),2024-07-01,139.74,Lain-Lain
Carbu Cleaner JM 500 ml (CU-JM),2024-08-01,139.74,Lain-Lain
Carbu Cleaner JM 500 ml (CU-JM),2024-09-01,139.74,Lain-Lain
Carbu Cleaner JM 500 ml (CU-JM),2024-10-01,139.74,Lain-Lain
Double Tip 3M (DT-3M),2024-10-01,3.21,Komponen Mesin dan Pengapian
Engine Flush JM 250 ml (EF-JM),2024-08-01,13.4,Pelumas dan Cairan
Engine Flush JM 250 ml (EF-JM),2024-09-01,13.4,Pelumas dan Cairan
Engine Flush JM 250 ml (EF-JM),2024-10-01,13.4,Pelumas dan Cairan
FAC-0002T Filter AC TYT Toyota (87139-06080-82),2024-10-01,1.57,Filter dan Komponen Udara
FAC-0010AP Filter AC Aspira Honda (H4-80292-JAZ-1800),2024-10-01,4.36,Filter dan Komponen Udara
FAC-0020D Filter AC Denso Nissan (DI-145520-410),2024-10-01,1.0,Filter dan Komponen Udara
FAC-0021D Filter AC Denso Nissan (DI145520-3890),2024-06-01,1.0,Filter dan Komponen Udara
FAC-0021D Filter AC Denso Nissan (DI145520-3890),2024-07-01,1.0,Filter dan Komponen Udara
FAC-0021D Filter AC Denso Nissan (DI145520-3890),2024-08-01,1.0,Filter dan Komponen Udara
FAC-0021D Filter AC Denso Nissan (DI145520-3890),2024-09-01,1.0,Filter dan Komponen Udara
FAC-0021D Filter AC Denso Nissan (DI145520-3890),2024-10-01,1.0,Filter dan Komponen Udara
FAC-0050AP Filter AC Aspira Mitsubishi (MI-7803A-XPD-1800),2024-09-01,1.0,Filter dan Komponen Udara
FAC-0050AP Filter AC Aspira Mitsubishi (MI-7803A-XPD-1800),2024-10-01,1.0,Filter dan Komponen Udara
FB-0001 Fanbelt Toyota / Daihatsu (4PK1890),2024-04-01,1.0,Lain-Lain
FB-0001 Fanbelt Toyota / Daihatsu (4PK1890),2024-05-01,1.0,Lain-Lain
FB-0001 Fanbelt Toyota / Daihatsu (4PK1890),2024-06-01,1.0,Lain-Lain
FB-0001 Fanbelt Toyota / Daihatsu (4PK1890),2024-07-01,1.0,Lain-Lain
FB-0001 Fanbelt Toyota / Daihatsu (4PK1890),2024-08-01,1.0,Lain-Lain
FB-0001 Fanbelt Toyota / Daihatsu (4PK1890),2024-09-01,1.0,Lain-Lain
FB-0002 Fanbelt Toyota / Daihatsu (6PK1520),2024-06-01,1.0,Lain-Lain
FB-0002 Fanbelt Toyota / Daihatsu (6PK1520),2024-07-01,1.0,Lain-Lain
FB-0002 Fanbelt Toyota / Daihatsu (6PK1520),2024-08-01,1.0,Lain-Lain
FB-0002 Fanbelt Toyota / Daihatsu (6PK1520),2024-09-01,1.0,Lain-Lain
FB-0002 Fanbelt Toyota / Daihatsu (6PK1520),2024-10-01,1.0,Lain-Lain
FB-0002AP Fanbelt Toyota / Daihatsu (4PK1735),2024-08-01,1.0,Lain-Lain
FB-0002AP Fanbelt Toyota / Daihatsu (4PK1735),2024-09-01,1.0,Lain-Lain
FB-0002AP Fanbelt Toyota / Daihatsu (4PK1735),2024-10-01,1.0,Lain-Lain
FB-0003 Fanbelt Toyota / Daihatsu (6PK1155),2024-10-01,1.0,Lain-Lain
FB-0003AP Fanbelt Toyota / Daihatsu (6PK1165),2024-08-01,1.0,Lain-Lain
FB-0003AP Fanbelt Toyota / Daihatsu (6PK1165),2024-09-01,1.0,Lain-Lain
FB-0003AP Fanbelt Toyota / Daihatsu (6PK1165),2024-10-01,1.0,Lain-Lain
FB-0006 Fanbelt Toyota (4PK1240),2024-07-01,1.0,Lain-Lain
FB-0006 Fanbelt Toyota (4PK1240),2024-08-01,1.0,Lain-Lain
FB-0006 Fanbelt Toyota (4PK1240),2024-09-01,1.0,Lain-Lain
FB-0006 Fanbelt Toyota (4PK1240),2024-10-01,1.0,Lain-Lain
FB-0011G Fanbelt Gates Honda (5PK1146),2024-10-01,1.0,Lain-Lain
FB-0013H Fan Belt Honda (5PK1137),2024-09-01,1.0,Komponen Pendinginan
FB-0013H Fan Belt Honda (5PK1137),2024-10-01,1.0,Komponen Pendinginan
FB-0020AP Fan Belt Nissan (7PK1140),2024-10-01,1.0,Komponen Pendinginan
FBS-0001AP Filter Bensin TYT Aspira (23390-INB-1800),2024-10-01,3.0,Filter dan Komponen Udara
FO-0002D Filter Oli Denso Toyota (DXE-1003),2024-10-01,12.4,Filter dan Komponen Udara
FO-0040D Filter Oli Denso Hyundai (DXE-1011),2024-10-01,1.27,Filter dan Komponen Udara
FO-0050AP Filter Oli Aspira Mitsubishi (MI-69782-L3D-1800),2024-07-01,1.0,Filter dan Komponen Udara
FO-0050AP Filter Oli Aspira Mitsubishi (MI-69782-L3D-1800),2024-08-01,1.0,Filter dan Komponen Udara
FO-0050AP Filter Oli Aspira Mitsubishi (MI-69782-L3D-1800),2024-09-01,1.0,Filter dan Komponen Udara
FO-0050AP Filter Oli Aspira Mitsubishi (MI-69782-L3D-1800),2024-10-01,1.0,Filter dan Komponen Udara
FS-0001AC Filter Solar ACDelco Toyota (T0Y00L070),2024-08-01,1.0,Filter dan Komponen Udara
FS-0001AC Filter Solar ACDelco Toyota (T0Y00L070),2024-09-01,1.0,Filter dan Komponen Udara
FS-0001AC Filter Solar ACDelco Toyota (T0Y00L070),2024-10-01,1.0,Filter dan Komponen Udara
FS-0001T Filter Solar Toyota (23390-0L070),2024-10-01,1.65,Filter dan Komponen Udara
FS-0002AP Filter Solar Aspira Toyota (T0-23390-INV-1800),2024-09-01,3.84,Filter dan Komponen Udara
FS-0002AP Filter Solar Aspira Toyota (T0-23390-INV-1800),2024-10-01,3.84,Filter dan Komponen Udara
FS-0070AP Filter Solar Aspira Isuzu (IS-13240-P23-1800),2024-09-01,1.0,Filter dan Komponen Udara
FS-0070AP Filter Solar Aspira Isuzu (IS-13240-P23-1800),2024-10-01,1.0,Filter dan Komponen Udara
FU-000100AP Filter Udara Aspira Toyota / Daihatsu (T0-17801-AVZ-1800),2024-10-01,1.74,Filter dan Komponen Udara
FU-0002AP Filter Udara Aspira Toyota / Daihatsu / Mitsubishi (T0-17801-AV2-1800),2024-10-01,3.0,Filter dan Komponen Udara
FU-0002T Filter Udara TYT Toyota / Daihatsu / Mitsubishi (17801-BZ150),2024-07-01,2.49,Filter dan Komponen Udara
FU-0002T Filter Udara TYT Toyota / Daihatsu / Mitsubishi (17801-BZ150),2024-08-01,2.49,Filter dan Komponen Udara
FU-0002T Filter Udara TYT Toyota / Daihatsu / Mitsubishi (17801-BZ150),2024-09-01,2.49,Filter dan Komponen Udara
FU-0002T Filter Udara TYT Toyota / Daihatsu / Mitsubishi (17801-BZ150),2024-10-01,2.49,Filter dan Komponen Udara
FU-0003T Filter Udara TYT Toyota / Daihatsu 1.0 (17801-BZ100),2024-07-01,1.44,Filter dan Komponen Udara
FU-0003T Filter Udara TYT Toyota / Daihatsu 1.0 (17801-BZ100),2024-08-01,1.44,Filter dan Komponen Udara
FU-0003T Filter Udara TYT Toyota / Daihatsu 1.0 (17801-BZ100),2024-09-01,1.44,Filter dan Komponen Udara
FU-0003T Filter Udara TYT Toyota / Daihatsu 1.0 (17801-BZ100),2024-10-01,1.44,Filter dan Komponen Udara
FU-0004 Filter Udara Daihatsu (17801-BZ140),2024-10-01,1.0,Filter dan Komponen Udara
FU-0005A Filter Udara DHT Daihatsu (17801-BZ130),2024-07-01,1.0,Filter dan Komponen Udara
FU-0005A Filter Udara DHT Daihatsu (17801-BZ130),2024-08-01,1.0,Filter dan Komponen Udara
FU-0005A Filter Udara DHT Daihatsu (17801-BZ130),2024-09-01,1.0,Filter dan Komponen Udara
FU-0005A Filter Udara DHT Daihatsu (17801-BZ130),2024-10-01,1.0,Filter dan Komponen Udara
FU-0005D Filter Udara Denso (DXA-1035),2024-10-01,1.0,Filter dan Komponen Udara
FU-0008AP Filter Udara Aspira TYT Toyota (TO-17801-INV-1800),2024-07-01,1.0,Filter dan Komponen Udara
FU-0008AP Filter Udara Aspira TYT Toyota (TO-17801-INV-1800),2024-08-01,1.0,Filter dan Komponen Udara
FU-0008AP Filter Udara Aspira TYT Toyota (TO-17801-INV-1800),2024-09-01,1.0,Filter dan Komponen Udara
FU-0008AP Filter Udara Aspira TYT Toyota (TO-17801-INV-1800),2024-10-01,1.0,Filter dan Komponen Udara
FU-0009D Filter Udara Denso Toyota (DXA-1049),2024-08-01,1.0,Filter dan Komponen Udara
FU-0009D Filter Udara Denso Toyota (DXA-1049),2024-09-01,1.0,Filter dan Komponen Udara
FU-0009D Filter Udara Denso Toyota (DXA-1049),2024-10-01,1.0,Filter dan Komponen Udara
FU-0010AP Filter Udara Aspira Honda (H4-17220-FRD-1800),2024-10-01,2.92,Filter dan Komponen Udara
FU-0011H Filter Udara HND Honda (17220-55A-Z01),2024-08-01,2.32,Filter dan Komponen Udara
FU-0011H Filter Udara HND Honda (17220-55A-Z01),2024-09-01,2.32,Filter dan Komponen Udara
FU-0011H Filter Udara HND Honda (17220-55A-Z01),2024-10-01,2.32,Filter dan Komponen Udara
FU-0020N Filter Udara NSN Nissan (16546-ED000),2024-10-01,1.95,Filter dan Komponen Udara
FU-0021AP Filter Udara Aspira Nissan (NI-16546-MRC-1800),2024-08-01,1.0,Filter dan Komponen Udara
FU-0021AP Filter Udara Aspira Nissan (NI-16546-MRC-1800),2024-09-01,1.0,Filter dan Komponen Udara
FU-0021AP Filter Udara Aspira Nissan (NI-16546-MRC-1800),2024-10-01,1.0,Filter dan Komponen Udara
FU-0030S Filter Udara SZK Suzuki Ertiga (13780B77M00N000),2024-05-01,1.0,Filter dan Komponen Udara
FU-0030S Filter Udara SZK Suzuki Ertiga (13780B77M00N000),2024-06-01,1.0,Filter dan Komponen Udara
FU-0030S Filter Udara SZK Suzuki Ertiga (13780B77M00N000),2024-07-01,1.0,Filter dan Komponen Udara
FU-0030S Filter Udara SZK Suzuki Ertiga (13780B77M00N000),2024-08-01,1.0,Filter dan Komponen Udara
FU-0030S Filter Udara SZK Suzuki Ertiga (13780B77M00N000),2024-09-01,1.0,Filter dan Komponen Udara
FU-0030S Filter Udara SZK Suzuki Ertiga (13780B77M00N000),2024-10-01,1.0,Filter dan Komponen Udara
Injector Cleaner JM 500ml (IC-JM),2024-04-01,21.08,Pelumas dan Cairan
Injector Cleaner JM 500ml (IC-JM),2024-05-01,21.08,Pelumas dan Cairan
Injector Cleaner JM 500ml (IC-JM),2024-06-01,21.08,Pelumas dan Cairan
Injector Cleaner JM 500ml (IC-JM),2024-07-01,21.08,Pelumas dan Cairan
Injector Cleaner JM 500ml (IC-JM),2024-08-01,21.08,Pelumas dan Cairan
Injector Cleaner JM 500ml (IC-JM),2024-09-01,21.08,Pelumas dan Cairan
Isolasi Hitam Nasional Kecil (ISHN-K),2024-10-01,2.22,Lain-Lain
KS-0001D Karet Stabilizer Toyota / Daihatsu (48815-BZ010 ),2024-10-01,1.0,Lain-Lain
KS-0001L Karet Stabilizer Lateral Toyota / Daihatsu (48674-BZ010 ),2024-08-01,1.0,Lain-Lain
KS-0001L Karet Stabilizer Lateral Toyota / Daihatsu (48674-BZ010 ),2024-09-01,1.0,Lain-Lain
KS-0001L Karet Stabilizer Lateral Toyota / Daihatsu (48674-BZ010 ),2024-10-01,1.0,Lain-Lain
Kabel Bintik (2M) (K-BK),2024-09-01,1.74,Komponen Kelistrikan
Kabel Bintik (2M) (K-BK),2024-10-01,1.74,Komponen Kelistrikan
Klakson Hella (K-HELL),2024-07-01,1.0,Lain-Lain
Klakson Hella (K-HELL),2024-08-01,1.0,Lain-Lain
Klakson Hella (K-HELL),2024-09-01,1.0,Lain-Lain
Klakson Hella (K-HELL),2024-10-01,1.0,Lain-Lain
LS-S0001 Link Stabilizer 555 Toyota / Daihatsu (48820-B0010 ),2024-10-01,1.0,Komponen Rem dan Suspensi
Lem Dexton (LMD),2024-10-01,1.22,Lain-Lain
Minyak Power Steering Prestone Merah 300ml (PSF-PRS),2024-05-01,1.0,Pelumas dan Cairan
Minyak Power Steering Prestone Merah 300ml (PSF-PRS),2024-06-01,1.0,Pelumas dan Cairan
Minyak Power Steering Prestone Merah 300ml (PSF-PRS),2024-07-01,1.0,Pelumas dan Cairan
Minyak Power Steering Prestone Merah 300ml (PSF-PRS),2024-08-01,1.0,Pelumas dan Cairan
Minyak Power Steering Prestone Merah 300ml (PSF-PRS),2024-09-01,1.0,Pelumas dan Cairan
Minyak Power Steering Prestone Merah 300ml (PSF-PRS),2024-10-01,1.0,Pelumas dan Cairan
Minyak Rem Dot 3 Prestone Neutral 300ml (BF-D3PN),2024-03-01,2.0,Pelumas dan Cairan
Minyak Rem Dot 3 Prestone Neutral 300ml (BF-D3PN),2024-04-01,2.0,Pelumas dan Cairan
Minyak Rem Dot 3 Prestone Neutral 300ml (BF-D3PN),2024-05-01,2.0,Pelumas dan Cairan
Minyak Rem Dot 3 Prestone Neutral 300ml (BF-D3PN),2024-06-01,2.0,Pelumas dan Cairan
Minyak Rem Dot 3 Prestone Neutral 300ml (BF-D3PN),2024-07-01,2.0,Pelumas dan Cairan
Minyak Rem Dot 3 Prestone Neutral 300ml (BF-D3PN),2024-08-01,2.0,Pelumas dan Cairan
Minyak Rem Dot 3 Prestone Red 300ml (BF-D3PR),2024-10-01,17.69,Pelumas dan Cairan
Minyak Rem Dot 3 Top 1 Merah 300ml (BF-D3TP1R),2024-10-01,5.6,Pelumas dan Cairan
Minyak Rem Dot 3 Top 1 Neutral 300ml (BF-D3TP1N),2024-05-01,1.34,Pelumas dan Cairan
Minyak Rem Dot 3 Top 1 Neutral 300ml (BF-D3TP1N),2024-06-01,1.34,Pelumas dan Cairan
Minyak Rem Dot 3 Top 1 Neutral 300ml (BF-D3TP1N),2024-07-01,1.34,Pelumas dan Cairan
Minyak Rem Dot 3 Top 1 Neutral 300ml (BF-D3TP1N),2024-08-01,1.34,Pelumas dan Cairan
Minyak Rem Dot 3 Top 1 Neutral 300ml (BF-D3TP1N),2024-09-01,1.34,Pelumas dan Cairan
Minyak Rem Dot 3 Top 1 Neutral 300ml (BF-D3TP1N),2024-10-01,1.34,Pelumas dan Cairan
O-Ring AC Engine Hijau (OR-H),2024-07-01,1.0,Lain-Lain
O-Ring AC Engine Hijau (OR-H),2024-08-01,1.0,Lain-Lain
O-Ring AC Engine Hijau (OR-H),2024-09-01,1.0,Lain-Lain
O-Ring AC Engine Hijau (OR-H),2024-10-01,1.0,Lain-Lain
Oli Aspira 0W-20 (1L) (OLI-L0W20AP),2024-10-01,2.9,Lain-Lain
"Oli Castrol GTX 0W-20 (3,5L) (G0W20CG)",2024-10-01,2.0,Lain-Lain
Oli Castrol GTX 15W-40 (1L) (L15W40CG),2024-09-01,1.0,Lain-Lain
Oli Castrol GTX 15W-40 (1L) (L15W40CG),2024-10-01,1.0,Lain-Lain
Oli Castrol GTX 15W-40 (4L) (G15W40CG),2024-09-01,2.0,Lain-Lain
Oli Castrol GTX 15W-40 (4L) (G15W40CG),2024-10-01,2.0,Lain-Lain
Oli Castrol Magnatec 10W-40 (1L) (L10W40CM),2024-10-01,1.0,Lain-Lain
Oli Honda 0W-20 (1L) (OLI-L0W20H),2024-08-01,3.93,Lain-Lain
Oli Honda 0W-20 (1L) (OLI-L0W20H),2024-09-01,3.93,Lain-Lain
Oli Honda 0W-20 (1L) (OLI-L0W20H),2024-10-01,3.93,Lain-Lain
Oli Idemitsu 5W-30 (1L) (OLI-L5W30ID),2024-10-01,2.62,Lain-Lain
"Oli Repsol 5W30 (3,5L) (OLI-G5W30RP)",2024-08-01,1.0,Lain-Lain
"Oli Repsol 5W30 (3,5L) (OLI-G5W30RP)",2024-09-01,1.0,Lain-Lain
"Oli Repsol 5W30 (3,5L) (OLI-G5W30RP)",2024-10-01,1.0,Lain-Lain
Oli Repsol Diesel 15W40 (1L) (OLI-L15W40RD),2024-09-01,1.0,Lain-Lain
Oli Repsol Diesel 15W40 (1L) (OLI-L15W40RD),2024-10-01,1.0,Lain-Lain
Oli Repsol Diesel 15W40 (5L) (OLI-G15W40RD),2024-09-01,1.0,Lain-Lain
Oli Repsol Diesel 15W40 (5L) (OLI-G15W40RD),2024-10-01,1.0,Lain-Lain
Oli Repsol GXR Euro 5W-40 (4L) (OLI-G5W40RP),2024-10-01,3.52,Lain-Lain
Oli Repsol GXR Plus 10W-40 (4L) (OLI-G10W40RP),2024-10-01,1.29,Lain-Lain
Oli Shell Helix HX7 5W-40 (1L) (OLI-L5W40H7),2024-10-01,1.29,Lain-Lain
Oli Shell Rimula Diesel 15W-40 (5L) (OLI-G15W40SR),2024-10-01,7.5,Lain-Lain
Oli TMO 0W-20 (1L) (OLI-L0W20TB),2024-06-01,1.26,Lain-Lain
Oli TMO 0W-20 (1L) (OLI-L0W20TB),2024-07-01,1.26,Lain-Lain
Oli TMO 0W-20 (1L) (OLI-L0W20TB),2024-08-01,1.26,Lain-Lain
Oli TMO 0W-20 (1L) (OLI-L0W20TB),2024-09-01,1.26,Lain-Lain
Oli TMO 0W-20 (1L) (OLI-L0W20TB),2024-10-01,1.26,Lain-Lain
Oli TMO 0W-20 (4L) (OLI-G0W20TB)  (2),2024-04-01,4.0,Lain-Lain
Oli TMO 0W-20 (4L) (OLI-G0W20TB)  (2),2024-05-01,4.0,Lain-Lain
Oli TMO 0W-20 (4L) (OLI-G0W20TB)  (2),2024-06-01,4.0,Lain-Lain
Oli TMO 0W-20 (4L) (OLI-G0W20TB)  (2),2024-07-01,4.0,Lain-Lain
Oli TMO 0W-20 (4L) (OLI-G0W20TB)  (2),2024-08-01,4.0,Lain-Lain
Oli TMO 0W-20 (4L) (OLI-G0W20TB)  (2),2024-09-01,4.0,Lain-Lain
Oli TMO Diesel 5W-30 (4L) (OLI-G5W30TD),2024-07-01,1.0,Lain-Lain
Oli TMO Diesel 5W-30 (4L) (OLI-G5W30TD),2024-08-01,1.0,Lain-Lain
Oli TMO Diesel 5W-30 (4L) (OLI-G5W30TD),2024-09-01,1.0,Lain-Lain
Oli TMO Diesel 5W-30 (4L) (OLI-G5W30TD),2024-10-01,1.0,Lain-Lain
Oli Transmisi Gardan Evalube GL-4 140SAE (1L) (OG-GE140),2024-07-01,1.0,Lain-Lain
Oli Transmisi Gardan Evalube GL-4 140SAE (1L) (OG-GE140),2024-08-01,1.0,Lain-Lain
Oli Transmisi Gardan Evalube GL-4 140SAE (1L) (OG-GE140),2024-09-01,1.0,Lain-Lain
Oli Transmisi Gardan Evalube GL-4 140SAE (1L) (OG-GE140),2024-10-01,1.0,Lain-Lain
Oli Transmisi Manual / Gardan Spirax S2 G 80W-90 (1L) (OT-MTS90),2024-06-01,2.65,Lain-Lain
Oli Transmisi Manual / Gardan Spirax S2 G 80W-90 (1L) (OT-MTS90),2024-07-01,2.65,Lain-Lain
Oli Transmisi Manual / Gardan Spirax S2 G 80W-90 (1L) (OT-MTS90),2024-08-01,2.65,Lain-Lain
Oli Transmisi Manual / Gardan Spirax S2 G 80W-90 (1L) (OT-MTS90),2024-09-01,2.65,Lain-Lain
Oli Transmisi Manual / Gardan Spirax S2 G 80W-90 (1L) (OT-MTS90),2024-10-01,2.65,Lain-Lain
Oli Transmisi Matic ATF Repsol MV6 (1L) (OT-ATR),2024-10-01,2.58,Lain-Lain
Oli Transmisi Matic ATF Top One DX-3 (1L) (OT-ATTP1),2024-09-01,2.49,Lain-Lain
Oli Transmisi Matic ATF Top One DX-3 (1L) (OT-ATTP1),2024-10-01,2.49,Lain-Lain
Oli Transmisi Repsol CVTF (1L) (OT-CVR),2024-10-01,2.42,Lain-Lain
Oring Rumah Filter Oli TYT DHT (OR-FO),2024-10-01,2.0,Filter dan Komponen Udara
Pen Caliper Nissan ( PC-0020 / 41134-EE52A ),2024-08-01,1.0,Komponen Mesin dan Pengapian
Pen Caliper Nissan ( PC-0020 / 41134-EE52A ),2024-09-01,1.0,Komponen Mesin dan Pengapian
Pen Caliper Nissan ( PC-0020 / 41134-EE52A ),2024-10-01,1.0,Komponen Mesin dan Pengapian
Pen Caliper Toyota Daihatsu ( PC-0001 / 47115-BZ010 ),2024-10-01,1.0,Komponen Mesin dan Pengapian
RE-0001 Rack End 555 Toyota / Daihatsu (45503-BZ010 ),2024-09-01,1.0,Lain-Lain
RE-0001 Rack End 555 Toyota / Daihatsu (45503-BZ010 ),2024-10-01,1.0,Lain-Lain
Radiator Coolant Master Prestone Green (1L) (RC-1GMP),2024-09-01,3.22,Pelumas dan Cairan
Radiator Coolant Master Prestone Green (1L) (RC-1GMP),2024-10-01,3.22,Pelumas dan Cairan
Radiator Coolant Master Prestone Red (1L) (RC-1RMP),2024-10-01,1.95,Pelumas dan Cairan
Radiator Coolant Master Prestone Red (5L) (RC-RMP),2024-09-01,5.46,Pelumas dan Cairan
Radiator Coolant Master Prestone Red (5L) (RC-RMP),2024-10-01,5.46,Pelumas dan Cairan
Relay Kaki 4 (RE-4),2024-08-01,1.0,Komponen Kelistrikan
Relay Kaki 4 (RE-4),2024-09-01,1.0,Komponen Kelistrikan
Relay Kaki 4 (RE-4),2024-10-01,1.0,Komponen Kelistrikan
Relay Set (R-S),2024-09-01,1.0,Komponen Kelistrikan
Relay Set (R-S),2024-10-01,1.0,Komponen Kelistrikan
Ring Tap Oli Tembaga (RTO-T),2024-06-01,1.26,Lain-Lain
Ring Tap Oli Tembaga (RTO-T),2024-07-01,1.26,Lain-Lain
Ring Tap Oli Tembaga (RTO-T),2024-08-01,1.26,Lain-Lain
Ring Tap Oli Tembaga (RTO-T),2024-09-01,1.26,Lain-Lain
Ring Tap Oli Tembaga (RTO-T),2024-10-01,1.26,Lain-Lain
Rumah Sikring (RS),2024-10-01,1.22,Komponen Kelistrikan
SB-0005 Seal Busi Set Toyota (11214-0C011),2024-10-01,1.29,Komponen Mesin dan Pengapian
SB-B Spring Buffer Type B,2024-08-01,1.0,Lain-Lain
SB-B Spring Buffer Type B,2024-09-01,1.0,Lain-Lain
SB-B Spring Buffer Type B,2024-10-01,1.0,Lain-Lain
SB-C Spring Buffer Type C,2024-07-01,1.0,Lain-Lain
SB-C Spring Buffer Type C,2024-08-01,1.0,Lain-Lain
SB-C Spring Buffer Type C,2024-09-01,1.0,Lain-Lain
SB-C Spring Buffer Type C,2024-10-01,1.0,Lain-Lain
SB-D Spring Buffer Type D,2024-05-01,1.0,Lain-Lain
SB-D Spring Buffer Type D,2024-06-01,1.0,Lain-Lain
SB-D Spring Buffer Type D,2024-07-01,1.0,Lain-Lain
SB-D Spring Buffer Type D,2024-08-01,1.0,Lain-Lain
SB-D Spring Buffer Type D,2024-09-01,1.0,Lain-Lain
SB-D Spring Buffer Type D,2024-10-01,1.0,Lain-Lain
SCV-0003 Seal Cover Valve Toyota / Daihatsu (11213-BZ080),2024-08-01,1.0,Lain-Lain
SCV-0003 Seal Cover Valve Toyota / Daihatsu (11213-BZ080),2024-09-01,1.0,Lain-Lain
SCV-0003 Seal Cover Valve Toyota / Daihatsu (11213-BZ080),2024-10-01,1.0,Lain-Lain
SCV-0005 Seal Cover Valve Toyota (11213-0C011),2024-10-01,1.29,Lain-Lain
SCV-0006 Seal Cover Valve Toyota (11213-21011),2024-10-01,1.0,Lain-Lain
SCV-0012 Seal Cover Valve Honda (12341-PWA-000),2024-10-01,2.0,Lain-Lain
SCV-0020 Seal Cover Valve Nissan (13270-ED000),2024-04-01,1.0,Lain-Lain
SCV-0020 Seal Cover Valve Nissan (13270-ED000),2024-05-01,1.0,Lain-Lain
SCV-0020 Seal Cover Valve Nissan (13270-ED000),2024-06-01,1.0,Lain-Lain
SCV-0020 Seal Cover Valve Nissan (13270-ED000),2024-07-01,1.0,Lain-Lain
SCV-0020 Seal Cover Valve Nissan (13270-ED000),2024-08-01,1.0,Lain-Lain
SCV-0020 Seal Cover Valve Nissan (13270-ED000),2024-09-01,1.0,Lain-Lain
SCV-0035 Seal Cover Valve SGP SUZUKI (11189-54GE0),2024-10-01,1.0,Lain-Lain
Seal Tape (ST),2024-10-01,1.75,Lain-Lain
Sekring Biasa (SB),2024-10-01,1.03,Lain-Lain
Sekring Mini Kaki Pendek (SM-KP),2024-10-01,1.0,Lain-Lain
Sekun (SK),2024-07-01,2.78,Lain-Lain
Sekun (SK),2024-08-01,2.78,Lain-Lain
Sekun (SK),2024-09-01,2.78,Lain-Lain
Sekun (SK),2024-10-01,2.78,Lain-Lain
Semir Ban (V-SB),2024-10-01,1.0,Aksesoris Mobil
Skun Female (SK-FE),2024-10-01,1.05,Lain-Lain
Skun Male (SK-M),2024-10-01,1.0,Lain-Lain
Socket Coil MKP MAP TPS Jazz IDSI VTEC (SC-3L),2024-10-01,1.0,Lain-Lain
Soket Bohlam Head Lamp (S-BHL),2024-06-01,1.29,Lain-Lain
Soket Bohlam Head Lamp (S-BHL),2024-07-01,1.29,Lain-Lain
Soket Bohlam Head Lamp (S-BHL),2024-08-01,1.29,Lain-Lain
Soket Bohlam Head Lamp (S-BHL),2024-09-01,1.29,Lain-Lain
Soket Bohlam Head Lamp (S-BHL),2024-10-01,1.29,Lain-Lain
Tempat Sampah (T-S),2024-06-01,1.0,Lain-Lain
Tempat Sampah (T-S),2024-07-01,1.0,Lain-Lain
Tempat Sampah (T-S),2024-08-01,1.0,Lain-Lain
Tempat Sampah (T-S),2024-09-01,1.0,Lain-Lain
Tempat Sampah (T-S),2024-10-01,1.0,Lain-Lain
Tutup Radiator Denso 1.1 ( TR1.1 / 022510-3341 ),2024-10-01,2.74,Komponen Pendinginan
WC-00021B Wheel Cylinder Birkens Nissan (B-NWR-S09),2024-10-01,1.0,Komponen Rem dan Suspensi
WD 40 Anti Karat 333 ml (WD-40),2024-05-01,1.0,Lain-Lain
WD 40 Anti Karat 333 ml (WD-40),2024-06-01,1.0,Lain-Lain
WD 40 Anti Karat 333 ml (WD-40),2024-07-01,1.0,Lain-Lain
WD 40 Anti Karat 333 ml (WD-40),2024-08-01,1.0,Lain-Lain
WD 40 Anti Karat 333 ml (WD-40),2024-09-01,1.0,Lain-Lain
WD 40 Anti Karat 333 ml (WD-40),2024-10-01,1.0,Lain-Lain
Wheel Cylinder Advios Toyota / Daihatsu LH (WC-LH0001AV / 47560-BZ010),2024-05-01,1.0,Komponen Rem dan Suspensi
Wheel Cylinder Advios Toyota / Daihatsu LH (WC-LH0001AV / 47560-BZ010),2024-06-01,1.0,Komponen Rem dan Suspensi
Wheel Cylinder Advios Toyota / Daihatsu LH (WC-LH0001AV / 47560-BZ010),2024-07-01,1.0,Komponen Rem dan Suspensi
Wheel Cylinder Advios Toyota / Daihatsu LH (WC-LH0001AV / 47560-BZ010),2024-08-01,1.0,Komponen Rem dan Suspensi
Wheel Cylinder Advios Toyota / Daihatsu LH (WC-LH0001AV / 47560-BZ010),2024-09-01,1.0,Komponen Rem dan Suspensi
Wheel Cylinder Advios Toyota / Daihatsu LH (WC-LH0001AV / 47560-BZ010),2024-10-01,1.0,Komponen Rem dan Suspensi
Wheel Cylinder Advios Toyota / Daihatsu RH (WC-RH0001AV / 47550-BZ010),2024-05-01,1.0,Komponen Rem dan Suspensi
Wheel Cylinder Advios Toyota / Daihatsu RH (WC-RH0001AV / 47550-BZ010),2024-06-01,1.0,Komponen Rem dan Suspensi
Wheel Cylinder Advios Toyota / Daihatsu RH (WC-RH0001AV / 47550-BZ010),2024-07-01,1.0,Komponen Rem dan Suspensi
Wheel Cylinder Advios Toyota / Daihatsu RH (WC-RH0001AV / 47550-BZ010),2024-08-01,1.0,Komponen Rem dan Suspensi
Wheel Cylinder Advios Toyota / Daihatsu RH (WC-RH0001AV / 47550-BZ010),2024-09-01,1.0,Komponen Rem dan Suspensi
Wheel Cylinder Advios Toyota / Daihatsu RH (WC-RH0001AV / 47550-BZ010),2024-10-01,1.0,Komponen Rem dan Suspensi
Wheel Cylinder Birkens  Toyota / Daihatsu RH (WC-RH0001B / 47550-BZ010),2024-10-01,0.0,Komponen Rem dan Suspensi
Wheel Cylinder Birkens Toyota / Daihatsu LH (WC-LH0001B / 47560-BZ010),2024-10-01,1.0,Komponen Rem dan Suspensi
Wheel Cylinder Cup Seiken ( WCC-0001S / SC-30213R ),2024-08-01,1.0,Komponen Rem dan Suspensi
Wheel Cylinder Cup Seiken ( WCC-0001S / SC-30213R ),2024-09-01,1.0,Komponen Rem dan Suspensi
Wheel Cylinder Cup Seiken ( WCC-0001S / SC-30213R ),2024-10-01,1.0,Komponen Rem dan Suspensi
Wheel Cylinder Saniko Nissan (WC-00021SN / 44100-ET000),2024-10-01,2.64,Komponen Rem dan Suspensi
Wheel Cylinder Saniko Toyota / Daihatsu (WC-0004SN / 47550-BZ060),2024-06-01,1.0,Komponen Rem dan Suspensi
Wheel Cylinder Saniko Toyota / Daihatsu (WC-0004SN / 47550-BZ060),2024-07-01,1.0,Komponen Rem dan Suspensi
Wheel Cylinder Saniko Toyota / Daihatsu (WC-0004SN / 47550-BZ060),2024-08-01,1.0,Komponen Rem dan Suspensi
Wheel Cylinder Saniko Toyota / Daihatsu (WC-0004SN / 47550-BZ060),2024-09-01,1.0,Komponen Rem dan Suspensi
Wheel Cylinder Saniko Toyota / Daihatsu (WC-0004SN / 47550-BZ060),2024-10-01,1.0,Komponen Rem dan Suspensi
Wheel Cylinder Saniko Toyota / Daihatsu LH (WC-LH0009SN / 47550-87612),2024-10-01,2.49,Komponen Rem dan Suspensi
Wheel Cylinder Saniko Toyota / Daihatsu RH (WC-RH0009SN / 47550-87613),2024-08-01,1.34,Komponen Rem dan Suspensi
Wheel Cylinder Saniko Toyota / Daihatsu RH (WC-RH0009SN / 47550-87613),2024-09-01,1.34,Komponen Rem dan Suspensi
Wheel Cylinder Saniko Toyota / Daihatsu RH (WC-RH0009SN / 47550-87613),2024-10-01,1.34,Komponen Rem dan Suspensi
Wiper Blade Aero Dynamic 16 inch / 400mm (WP-0016AD),2024-09-01,1.26,Lain-Lain
Wiper Blade Aero Dynamic 16 inch / 400mm (WP-0016AD),2024-10-01,1.26,Lain-Lain
Wiper Blade Aero Dynamic 18 inch / 450mm (WP-0018AD),2024-07-01,1.0,Lain-Lain
Wiper Blade Aero Dynamic 18 inch / 450mm (WP-0018AD),2024-08-01,1.0,Lain-Lain
Wiper Blade Aero Dynamic 18 inch / 450mm (WP-0018AD),2024-09-01,1.0,Lain-Lain
Wiper Blade Aero Dynamic 18 inch / 450mm (WP-0018AD),2024-10-01,1.0,Lain-Lain
Wiper Blade Aero Dynamic 20 inch / 500mm (WP-0020AD),2024-09-01,1.0,Lain-Lain
Wiper Blade Aero Dynamic 20 inch / 500mm (WP-0020AD),2024-10-01,1.0,Lain-Lain
Wiper Blade Aero Dynamic 22 inch / 550mm (WP-0022AD),2024-10-01,1.97,Lain-Lain
Wiper Blade Aero Dynamic 24 inch / 600mm (WP-0024AD),2024-10-01,1.0,Lain-Lain
Wiper Blade Aero dynamic 14 inch / 350mm (WP-0014AD),2024-10-01,1.14,Lain-Lain
Wiper Blade Aisin 26 inch / 650mm (WP-0026AN),2024-05-01,1.0,Lain-Lain
Wiper Blade Aisin 26 inch / 650mm (WP-0026AN),2024-06-01,1.0,Lain-Lain
Wiper Blade Aisin 26 inch / 650mm (WP-0026AN),2024-07-01,1.0,Lain-Lain
Wiper Blade Aisin 26 inch / 650mm (WP-0026AN),2024-08-01,1.0,Lain-Lain
Wiper Blade Aisin 26 inch / 650mm (WP-0026AN),2024-09-01,1.0,Lain-Lain
Wiper Blade Aisin 26 inch / 650mm (WP-0026AN),2024-10-01,1.0,Lain-Lain
